chain, residue_label, residue_name, score, zscore, probability, pocket
A,    2, ALA,  0.0116,  -0.3730,   0.0004, 0
A,    3, VAL,  0.0700,  -0.3405,   0.0015, 0
A,    4, PRO,  0.0577,  -0.3473,   0.0012, 0
A,    5, PHE,  0.1122,  -0.3169,   0.0028, 0
A,    6, VAL,  0.0662,  -0.3426,   0.0014, 0
A,    7, GLU,  0.5050,  -0.0980,   0.0366, 2
A,    8, ASP,  0.0142,  -0.3715,   0.0004, 0
A,    9, TRP,  3.8137,   1.7463,   0.7215, 2
A,   10, ASP,  0.7412,   0.0337,   0.0782, 0
A,   11, LEU,  2.6260,   1.0842,   0.5461, 2
A,   12, VAL,  0.0248,  -0.3656,   0.0006, 0
A,   13, GLN,  0.0394,  -0.3575,   0.0008, 0
A,   14, THR,  0.0174,  -0.3698,   0.0005, 0
A,   15, LEU,  1.7020,   0.5693,   0.3381, 1
A,   16, GLY,  0.4100,  -0.1509,   0.0247, 1
A,   17, GLU,  0.0787,  -0.3356,   0.0017, 1
A,   18, GLY,  0.2008,  -0.2675,   0.0069, 1
A,   19, ALA,  0.3722,  -0.1720,   0.0206, 0
A,   20, TYR,  1.4107,   0.4069,   0.2570, 1
A,   21, GLY,  0.0522,  -0.3503,   0.0011, 0
A,   22, GLU,  0.1323,  -0.3057,   0.0036, 0
A,   23, VAL,  3.0624,   1.3276,   0.6208, 1
A,   24, GLN,  0.0520,  -0.3505,   0.0011, 0
A,   25, LEU,  0.0602,  -0.3459,   0.0012, 0
A,   26, ALA,  3.2901,   1.4544,   0.6544, 2
A,   27, VAL,  0.4351,  -0.1369,   0.0277, 0
A,   28, ASN,  0.0720,  -0.3393,   0.0015, 0
A,   29, ARG,  0.0686,  -0.3412,   0.0014, 0
A,   30, VAL,  0.0751,  -0.3376,   0.0016, 0
A,   31, THR,  0.0614,  -0.3453,   0.0013, 0
A,   32, GLU,  0.0163,  -0.3704,   0.0004, 0
A,   33, GLU,  0.1969,  -0.2697,   0.0067, 0
A,   34, ALA,  0.1760,  -0.2814,   0.0056, 0
A,   35, VAL,  3.4294,   1.5321,   0.6733, 2
A,   36, ALA,  3.0602,   1.3263,   0.6204, 1
A,   37, VAL,  3.6723,   1.6675,   0.7049, 2
A,   38, LYS,  1.2315,   0.3070,   0.2052, 1
A,   39, ILE,  0.2942,  -0.2155,   0.0135, 0
A,   40, VAL,  0.1566,  -0.2922,   0.0046, 0
A,   41, ASP,  0.1714,  -0.2839,   0.0053, 0
A,   42, MET,  0.1943,  -0.2711,   0.0065, 0
A,   43, LYS,  0.1060,  -0.3204,   0.0025, 0
A,   44, ARG,  0.0851,  -0.3320,   0.0019, 0
A,   48, CYS,  0.1910,  -0.2730,   0.0063, 0
A,   49, PRO,  0.1703,  -0.2845,   0.0053, 0
A,   50, GLU,  0.1016,  -0.3228,   0.0024, 0
A,   51, ASN,  0.5033,  -0.0989,   0.0364, 0
A,   52, ILE,  0.2541,  -0.2378,   0.0104, 0
A,   53, LYS,  0.3837,  -0.1656,   0.0218, 0
A,   54, LYS,  0.5607,  -0.0669,   0.0449, 0
A,   55, GLU,  0.3375,  -0.1913,   0.0173, 1
A,   56, ILE,  0.2390,  -0.2462,   0.0093, 0
A,   57, CYS,  0.7031,   0.0125,   0.0703, 0
A,   58, ILE,  0.3999,  -0.1566,   0.0235, 0
A,   59, ASN,  0.0659,  -0.3427,   0.0014, 1
A,   60, LYS,  0.1389,  -0.3021,   0.0038, 0
A,   61, MET,  0.5846,  -0.0536,   0.0488, 0
A,   62, LEU,  0.0326,  -0.3613,   0.0007, 0
A,   63, ASN,  0.0654,  -0.3430,   0.0014, 0
A,   64, HIS,  0.1455,  -0.2984,   0.0041, 0
A,   65, GLU,  0.4779,  -0.1131,   0.0329, 4
A,   66, ASN,  0.1602,  -0.2902,   0.0048, 0
A,   67, VAL,  0.0030,  -0.3778,   0.0003, 0
A,   68, VAL,  1.1276,   0.2491,   0.1759, 1
A,   69, LYS,  0.1539,  -0.2937,   0.0045, 0
A,   70, PHE,  0.0556,  -0.3485,   0.0011, 0
A,   71, TYR,  0.6039,  -0.0428,   0.0519, 2
A,   72, GLY,  0.1094,  -0.3185,   0.0027, 0
A,   73, HIS,  0.2124,  -0.2611,   0.0076, 0
A,   74, ARG,  2.1237,   0.8043,   0.4417, 2
A,   75, ARG,  0.1493,  -0.2963,   0.0043, 0
A,   76, GLU,  0.1690,  -0.2853,   0.0052, 2
A,   77, GLY,  0.0263,  -0.3648,   0.0006, 0
A,   78, ASN,  0.0210,  -0.3677,   0.0005, 0
A,   79, ILE,  0.1844,  -0.2767,   0.0060, 0
A,   80, GLN,  0.2307,  -0.2509,   0.0088, 0
A,   81, TYR,  1.2561,   0.3207,   0.2123, 2
A,   82, LEU,  0.0527,  -0.3501,   0.0011, 0
A,   83, PHE,  3.7630,   1.7180,   0.7156, 2
A,   84, LEU,  1.6943,   0.5649,   0.3360, 1
A,   85, GLU,  1.2625,   0.3242,   0.2142, 1
A,   86, TYR,  1.0649,   0.2141,   0.1585, 1
A,   87, CYS,  1.4483,   0.4278,   0.2679, 1
A,   88, SER,  0.1623,  -0.2890,   0.0049, 0
A,   89, GLY,  0.0755,  -0.3374,   0.0016, 0
A,   90, GLY,  0.4310,  -0.1392,   0.0272, 1
A,   91, GLU,  0.5538,  -0.0708,   0.0439, 1
A,   92, LEU,  0.0002,  -0.3794,   0.0002, 0
A,   93, PHE,  0.6406,  -0.0224,   0.0583, 3
A,   94, ASP,  0.1706,  -0.2844,   0.0053, 0
A,   95, ARG,  0.1967,  -0.2698,   0.0067, 0
A,   96, ILE,  0.4779,  -0.1131,   0.0329, 3
A,   97, GLU,  0.0502,  -0.3515,   0.0010, 0
A,   98, PRO,  0.0662,  -0.3426,   0.0014, 3
A,   99, ASP,  0.0299,  -0.3628,   0.0006, 0
A,  100, ILE,  0.0564,  -0.3480,   0.0012, 0
A,  101, GLY,  0.0536,  -0.3496,   0.0011, 0
A,  102, MET,  0.0900,  -0.3293,   0.0020, 0
A,  103, PRO,  0.0808,  -0.3344,   0.0018, 0
A,  104, GLU,  0.0892,  -0.3297,   0.0020, 0
A,  105, PRO,  0.1047,  -0.3211,   0.0025, 0
A,  106, ASP,  0.2186,  -0.2576,   0.0080, 0
A,  107, ALA,  0.0012,  -0.3788,   0.0002, 0
A,  108, GLN,  0.2140,  -0.2602,   0.0077, 0
A,  109, ARG,  0.5877,  -0.0519,   0.0493, 0
A,  110, PHE,  0.2075,  -0.2638,   0.0073, 0
A,  111, PHE,  0.0357,  -0.3596,   0.0007, 0
A,  112, HIS,  0.5730,  -0.0601,   0.0469, 0
A,  113, GLN,  0.3806,  -0.1673,   0.0215, 0
A,  114, LEU,  0.0100,  -0.3739,   0.0004, 0
A,  115, MET,  0.2011,  -0.2674,   0.0069, 0
A,  116, ALA,  0.2837,  -0.2213,   0.0126, 0
A,  117, GLY,  0.2410,  -0.2451,   0.0095, 0
A,  118, VAL,  0.4097,  -0.1511,   0.0246, 0
A,  119, VAL,  0.8948,   0.1193,   0.1138, 0
A,  120, TYR,  0.2157,  -0.2592,   0.0078, 0
A,  121, LEU,  0.1592,  -0.2907,   0.0047, 0
A,  122, HIS,  0.8648,   0.1026,   0.1065, 0
A,  123, GLY,  0.1167,  -0.3144,   0.0029, 0
A,  124, ILE,  0.1633,  -0.2884,   0.0049, 0
A,  125, GLY,  0.0387,  -0.3579,   0.0008, 0
A,  126, ILE,  0.2706,  -0.2286,   0.0116, 0
A,  127, THR,  0.3873,  -0.1636,   0.0222, 0
A,  128, HIS,  0.3235,  -0.1992,   0.0160, 0
A,  129, ARG,  0.7570,   0.0425,   0.0816, 0
A,  130, ASP,  0.9917,   0.1733,   0.1387, 0
A,  131, ILE,  0.2602,  -0.2344,   0.0108, 0
A,  132, LYS,  0.5650,  -0.0646,   0.0456, 0
A,  133, PRO,  0.4403,  -0.1341,   0.0283, 3
A,  134, GLU,  1.0777,   0.2212,   0.1620, 1
A,  135, ASN,  1.0581,   0.2103,   0.1566, 1
A,  136, LEU,  0.0024,  -0.3781,   0.0003, 0
A,  137, LEU,  2.9655,   1.2735,   0.6057, 1
A,  138, LEU,  0.0443,  -0.3548,   0.0009, 0
A,  139, ASP,  0.4371,  -0.1358,   0.0279, 4
A,  140, GLU,  0.4543,  -0.1262,   0.0299, 4
A,  141, ARG,  0.2554,  -0.2371,   0.0105, 0
A,  142, ASP,  0.2260,  -0.2535,   0.0085, 0
A,  143, ASN,  0.6120,  -0.0383,   0.0533, 4
A,  144, LEU,  0.0032,  -0.3777,   0.0003, 0
A,  145, LYS,  0.4097,  -0.1511,   0.0246, 4
A,  146, ILE,  0.1620,  -0.2891,   0.0049, 0
A,  147, SER,  2.2733,   0.8877,   0.4753, 1
A,  148, ASP,  1.8999,   0.6796,   0.3890, 1
A,  149, PHE,  0.3676,  -0.1746,   0.0202, 1
A,  150, GLY,  0.5124,  -0.0938,   0.0377, 0
A,  151, LEU,  0.9627,   0.1572,   0.1312, 0
A,  152, ALA,  0.2892,  -0.2183,   0.0131, 0
A,  153, THR,  0.2881,  -0.2189,   0.0130, 0
A,  154, VAL,  0.6781,  -0.0015,   0.0654, 0
A,  155, PHE,  0.1343,  -0.3046,   0.0036, 0
A,  156, ARG,  0.3047,  -0.2096,   0.0144, 0
A,  157, TYR,  0.3930,  -0.1604,   0.0228, 0
A,  158, ASN,  0.0897,  -0.3295,   0.0020, 0
A,  159, ASN,  0.0289,  -0.3633,   0.0006, 0
A,  160, ARG,  0.0253,  -0.3653,   0.0006, 0
A,  161, GLU,  0.1839,  -0.2769,   0.0060, 0
A,  162, ARG,  0.2189,  -0.2574,   0.0080, 0
A,  163, LEU,  0.0994,  -0.3241,   0.0023, 0
A,  164, LEU,  0.3059,  -0.2089,   0.0145, 0
A,  165, ASN,  0.0959,  -0.3260,   0.0022, 0
A,  166, LYS,  0.4107,  -0.1505,   0.0247, 0
A,  167, MET,  0.2355,  -0.2482,   0.0091, 0
A,  168, CYS,  0.4552,  -0.1257,   0.0300, 0
A,  169, GLY,  0.3280,  -0.1966,   0.0164, 0
A,  170, THR,  0.5502,  -0.0728,   0.0433, 0
A,  171, LEU,  0.1553,  -0.2929,   0.0046, 0
A,  172, PRO,  0.0689,  -0.3411,   0.0014, 0
A,  173, TYR,  0.5620,  -0.0662,   0.0451, 0
A,  174, VAL,  0.1530,  -0.2942,   0.0045, 0
A,  175, ALA,  0.0321,  -0.3616,   0.0007, 0
A,  176, PRO,  0.0319,  -0.3617,   0.0007, 0
A,  177, GLU,  0.1684,  -0.2856,   0.0052, 0
A,  178, LEU,  0.3482,  -0.1854,   0.0183, 0
A,  179, LEU,  0.0911,  -0.3287,   0.0021, 0
A,  180, LYS,  0.0298,  -0.3628,   0.0006, 0
A,  181, ARG,  0.1619,  -0.2892,   0.0049, 0
A,  182, ARG,  0.0163,  -0.3704,   0.0004, 0
A,  183, GLU,  0.2163,  -0.2589,   0.0078, 0
A,  184, PHE,  0.4415,  -0.1334,   0.0284, 0
A,  185, HIS,  0.4728,  -0.1159,   0.0323, 0
A,  186, ALA,  0.2192,  -0.2573,   0.0080, 0
A,  187, GLU,  1.0010,   0.1785,   0.1412, 0
A,  188, PRO,  0.4534,  -0.1267,   0.0298, 0
A,  189, VAL,  0.3275,  -0.1969,   0.0164, 0
A,  190, ASP,  0.3772,  -0.1692,   0.0211, 0
A,  191, VAL,  0.5484,  -0.0738,   0.0430, 0
A,  192, TRP,  0.0701,  -0.3404,   0.0015, 0
A,  193, SER,  0.0495,  -0.3519,   0.0010, 0
A,  194, CYS,  0.0000,  -0.3795,   0.0002, 0
A,  195, GLY,  0.0000,  -0.3795,   0.0002, 0
A,  196, ILE,  0.0105,  -0.3736,   0.0004, 0
A,  197, VAL,  0.0000,  -0.3795,   0.0002, 0
A,  198, LEU,  0.0000,  -0.3795,   0.0002, 0
A,  199, THR,  0.0000,  -0.3795,   0.0002, 0
A,  200, ALA,  0.4770,  -0.1136,   0.0328, 3
A,  201, MET,  0.2017,  -0.2671,   0.0070, 0
A,  202, LEU,  0.0576,  -0.3474,   0.0012, 0
A,  203, ALA,  0.0510,  -0.3510,   0.0010, 0
A,  204, GLY,  0.3585,  -0.1796,   0.0193, 3
A,  205, GLU,  0.3979,  -0.1577,   0.0233, 0
A,  206, LEU,  0.5365,  -0.0804,   0.0413, 3
A,  207, PRO,  0.0652,  -0.3431,   0.0014, 0
A,  208, TRP,  0.0408,  -0.3567,   0.0008, 0
A,  209, ASP,  0.0517,  -0.3506,   0.0011, 0
A,  210, GLN,  0.0435,  -0.3552,   0.0009, 0
A,  211, PRO,  0.0079,  -0.3751,   0.0003, 0
A,  212, SER,  0.0182,  -0.3693,   0.0005, 0
A,  213, ASP,  0.0115,  -0.3731,   0.0004, 0
A,  214, SER,  0.0325,  -0.3613,   0.0007, 0
A,  215, CYS,  0.0432,  -0.3554,   0.0009, 0
A,  216, GLN,  0.0665,  -0.3424,   0.0014, 0
A,  217, GLU,  0.1043,  -0.3213,   0.0025, 0
A,  218, TYR,  0.1217,  -0.3116,   0.0031, 0
A,  219, SER,  0.0035,  -0.3775,   0.0003, 0
A,  220, ASP,  0.0604,  -0.3458,   0.0012, 0
A,  221, TRP,  0.3779,  -0.1688,   0.0212, 0
A,  222, LYS,  0.3087,  -0.2074,   0.0147, 0
A,  223, GLU,  0.0156,  -0.3707,   0.0004, 0
A,  224, LYS,  0.3484,  -0.1853,   0.0183, 0
A,  225, LYS,  0.0441,  -0.3549,   0.0009, 0
A,  226, THR,  0.1912,  -0.2729,   0.0064, 0
A,  227, TYR,  0.0552,  -0.3487,   0.0011, 0
A,  228, LEU,  0.0694,  -0.3408,   0.0015, 0
A,  229, ASN,  0.0856,  -0.3318,   0.0019, 0
A,  230, PRO,  0.0616,  -0.3451,   0.0013, 0
A,  231, TRP,  0.0479,  -0.3528,   0.0010, 0
A,  232, LYS,  0.0268,  -0.3645,   0.0006, 0
A,  233, LYS,  0.0671,  -0.3421,   0.0014, 0
A,  234, ILE,  0.0416,  -0.3563,   0.0008, 0
A,  235, ASP,  0.0956,  -0.3262,   0.0022, 0
A,  236, SER,  0.0927,  -0.3278,   0.0021, 0
A,  237, ALA,  0.1008,  -0.3233,   0.0024, 0
A,  238, PRO,  0.0440,  -0.3549,   0.0009, 0
A,  239, LEU,  0.0966,  -0.3256,   0.0022, 0
A,  240, ALA,  0.0988,  -0.3244,   0.0023, 0
A,  241, LEU,  0.0187,  -0.3690,   0.0005, 0
A,  242, LEU,  0.1982,  -0.2690,   0.0068, 0
A,  243, HIS,  0.4119,  -0.1499,   0.0249, 0
A,  244, LYS,  0.1043,  -0.3213,   0.0025, 0
A,  245, ILE,  0.0014,  -0.3787,   0.0002, 0
A,  246, LEU,  0.3748,  -0.1705,   0.0209, 0
A,  247, VAL,  0.3081,  -0.2077,   0.0146, 0
A,  248, GLU,  0.1451,  -0.2986,   0.0041, 0
A,  249, ASN,  0.2237,  -0.2548,   0.0083, 0
A,  250, PRO,  0.2962,  -0.2143,   0.0137, 0
A,  251, SER,  0.2552,  -0.2372,   0.0105, 0
A,  252, ALA,  0.0470,  -0.3533,   0.0010, 0
A,  253, ARG,  0.0770,  -0.3365,   0.0017, 0
A,  254, ILE,  0.3378,  -0.1912,   0.0174, 0
A,  255, THR,  0.7054,   0.0137,   0.0708, 0
A,  256, ILE,  0.9073,   0.1263,   0.1170, 0
A,  257, PRO,  0.8693,   0.1051,   0.1076, 0
A,  258, ASP,  0.0297,  -0.3629,   0.0006, 0
A,  259, ILE,  0.0004,  -0.3792,   0.0002, 0
A,  260, LYS,  0.4511,  -0.1280,   0.0295, 0
A,  261, LYS,  0.0113,  -0.3731,   0.0004, 0
A,  262, ASP,  0.0177,  -0.3696,   0.0005, 0
A,  263, ARG,  0.0927,  -0.3278,   0.0021, 0
A,  264, TRP,  0.0693,  -0.3408,   0.0015, 0
A,  265, TYR,  0.3561,  -0.1810,   0.0190, 0
A,  266, ASN,  0.1684,  -0.2856,   0.0052, 0
A,  267, LYS,  0.2200,  -0.2569,   0.0081, 0
A,  268, PRO,  0.0572,  -0.3476,   0.0012, 0
A,  269, LEU,  0.0892,  -0.3298,   0.0020, 0
A,  270, LYS,  0.3762,  -0.1698,   0.0210, 0
A,  271, LYS,  0.0931,  -0.3276,   0.0021, 0
A,  272, GLY,  0.0917,  -0.3283,   0.0021, 0
A,  273, ALA,  0.1239,  -0.3104,   0.0032, 0
A,  274, LYS,  0.0552,  -0.3487,   0.0011, 0
A,  275, ARG,  0.0301,  -0.3627,   0.0006, 0
A,  276, PRO,  0.0302,  -0.3626,   0.0006, 0
